{
	"name": "Authors",
	"version": "2.27.2",
	"url": "https://help.bluespice.com/index.php/Authors",
	"author": [
		"Markus Glaser",
		"Robert Vogel"
	],
	"descriptionmsg": "bs-authors-desc",
	"type": "bluespice",
	"bsgExtensions": {
		"Authors": {
			"className": "Authors",
			"extPath": "/BlueSpiceExtensions/Authors"
		}
	},
	"MessagesDirs": {
		"Authors": [
			"i18n"
		]
	},
	"ExtensionMessagesFiles": {
		"AuthorsMagic": "languages/Authors.i18n.magic.php"
	},
	"AutoloadClasses": {
		"Authors": "Authors.class.php",
		"ViewAuthors": "views/view.Authors.php",
		"ViewAuthorsUserPageProfileImageSetting": "views/view.AuthorsUserPageProfileImageSetting.php"
	},
	"ResourceModules": {
		"ext.bluespice.authors.styles": {
			"styles": "bluespice.authors.css",
			"position": "top"
		}
	},
	"ResourceFileModulePaths": {
		"localBasePath": "resources",
		"remoteExtPath": "BlueSpiceExtensions/Authors/resources"
	},
	"manifest_version": 1
}
