{
	"name": "ArticleInfo",
	"version": "2.27.2",
	"url": "https://help.bluespice.com/index.php/Articleinfo",
	"author": [
		"Markus Glaser",
		"Stephan Muggli"
	],
	"descriptionmsg": "bs-articleinfo-desc",
	"type": "bluespice",
	"bsgExtensions": {
		"ArticleInfo": {
			"className": "ArticleInfo",
			"extPath": "/BlueSpiceExtensions/ArticleInfo"
		}
	},
	"MessagesDirs": {
		"ArticleInfo": [
			"i18n"
		]
	},
	"ExtensionMessagesFiles": {
		"ArticleInfoMagic": "languages/ArticleInfo.i18n.magic.php"
	},
	"AutoloadClasses": {
		"ArticleInfo": "ArticleInfo.class.php",
		"ViewStateBarTopElementCategoryShortList": "views/view.StateBarTopElementCategoryShortList.php"
	},
	"ResourceModules": {
		"ext.bluespice.articleinfo": {
			"scripts": "bluespice.articleInfo.js",
			"position": "bottom"
		}
	},
	"ResourceFileModulePaths": {
		"localBasePath": "resources",
		"remoteExtPath": "BlueSpiceExtensions/ArticleInfo/resources"
	},
	"manifest_version": 1
}
