{
	"name": "DynamicPageList3",
	"version": "3.0.12",
	"author": [
		"[http://de.wikipedia.org/wiki/Benutzer:Algorithmix Gero Scholz]",
		"Alexia E. Smith"
	],
	"url": "https://www.mediawiki.org/wiki/Extension:DynamicPageList3",
	"descriptionmsg": "dpl-desc",
	"license-name": "GPL-2.0",
	"type": "parserhook",
	"GroupPermissions": {
		"sysop": {
			"dpl_param_update_rules": true,
			"dpl_param_delete_rules": true
		}
	},
	"AvailableRights": [
		"dpl_param_update_rules",
		"dpl_param_delete_rules"
	],
	"MessagesDirs": {
		"DynamicPageList": [
			"i18n"
		]
	},
	"ExtensionMessagesFiles": {
		"DynamicPageListMagic": "DynamicPageList.i18n.magic.php"
	},
	"AutoloadClasses": {
		"DynamicPageListHooks": "DynamicPageList.hooks.php",
		"DPL\\Article": "classes/Article.php",
		"DPL\\Config": "classes/Config.php",
		"DPL\\DynamicPageList": "classes/DynamicPageList.php",
		"DPL\\Logger": "classes/Logger.php",
		"DPL\\ListMode": "classes/ListMode.php",
		"DPL\\LST": "classes/LST.php",
		"DPL\\Parameters": "classes/Parameters.php",
		"DPL\\ParametersData": "classes/ParametersData.php",
		"DPL\\Parse": "classes/Parse.php",
		"DPL\\Query": "classes/Query.php",
		"DPL\\Variables": "classes/Variables.php",
		"DynamicPageListUpdateMaintenance": "classes/DynamicPageListUpdateMaintenance.php"
	},
	"Hooks": {
		"ParserFirstCallInit": [
			"DynamicPageListHooks::onParserFirstCallInit"
		],
		"BeforeInitialize": [
			"DynamicPageListHooks::onLoadExtensionSchemaUpdates"
		]
	},
	"config": {
		"DplSettings": {
			"allowedNamespaces": null,
			"allowUnlimitedCategories": false,
			"allowUnlimitedResults": false,
			"behavingLikeIntersection": false,
			"categoryStyleListCutoff": 6,
			"fixedCategories": [],
			"functionalRichness": 3,
			"maxCategoryCount": 4,
			"minCategoryCount": 0,
			"maxResultCount": 500,
			"recursiveTagParse": false,
			"runFromProtectedPagesOnly": false,
			"handleSectionTag": false
		}
	},
	"callback": "DynamicPageListHooks::onRegistration",
	"manifest_version": 1
}
