{
	"name": "BlueSpiceEditNotifyConnector",
	"version": "2.27.2",
	"url": "https://www.mediawiki.org/wiki/Extension:BlueSpiceEditNotifyConnector",
	"license-name": "GPL-2.0+",
	"descriptionmsg": "bluespiceeditnotifyconnector-desc",
	"author": [
		"Leonid Verhovskij"
	],
	"AutoloadClasses": {
		"BlueSpiceEditNotifyConnector": "includes/BlueSpiceEditNotifyConnector.php"
	},
	"Hooks": {
		"GetPreferences": "BlueSpiceEditNotifyConnector::onGetPreferences",
		"PageContentSave": "BlueSpiceEditNotifyConnector::onPageContentSave",
		"LoadExtensionSchemaUpdates": "BlueSpiceEditNotifyConnector::onLoadExtensionSchemaUpdates",
		"UserSaveOptions": "BlueSpiceEditNotifyConnector::onUserSaveOptions"
	},
	"AvailableRights": ["namespace-notifications"],
	"GroupPermissions": {
		"sysop": {
			"namespace-notifications": true
		}
	},
	"config": {
		"BlueSpiceEditNotifyConnectorShowCategories": false
	},
	"MessagesDirs": {
		"BlueSpiceEditNotifyConnector": [
			"i18n"
		]
	},
	"callback":"BlueSpiceEditNotifyConnector::onRegistry",
	"manifest_version": 1
}
