<?xml version="1.0"?>
<OpenSearchDescription xmlns="http://a9.com/-/spec/opensearch/1.1/" xmlns:moz="http://www.mozilla.org/2006/browser/search/">
	<ShortName>BS 1.20 (de)</ShortName>
	<Description>BS 1.20 (de)</Description>
	<Image height="16" width="16" type="image/x-icon">http://127.0.0.1/favicon.ico</Image>
	<Url type="text/html" method="get" template="http://127.0.0.1/w/bs/1.20/index.php?title=Spezial:Suche&amp;search={searchTerms}" />
	<Url type="application/x-suggestions+json" method="get" template="http://127.0.0.1/w/bs/1.20/api.php?action=opensearch&amp;search={searchTerms}&amp;namespace=0|104|106|108" />
	<moz:SearchForm>http://127.0.0.1/w/bs/1.20/index.php/Spezial:Suche</moz:SearchForm>
</OpenSearchDescription>